Route,Health_Score,Title,Title_Length,Canonical_Status,Schema_Markup
"/",100,"Megicode — AI Software, Automation & SaaS MVP Development",57,"pass","Organization; WebSite; ProfessionalService; ItemList"
"/services",100,"AI-Powered Software Development Services | Megicode",51,"pass","BreadcrumbList; ItemList"
"/services/ai-automation-agents",100,"AI Automation Services for Businesses | Build AI Agents & Workflows | Megicode",76,"pass","BreadcrumbList; Service; FAQPage; OfferCatalog"
"/services/ai-saas-mvp-development",100,"SaaS MVP Development Company | Build AI SaaS in 4-6 Weeks | Megicode",68,"pass","BreadcrumbList; Service; FAQPage; OfferCatalog"
"/services/custom-web-development",100,"Custom Software Development Company | Enterprise Platforms & Portals | Megicode",79,"pass","BreadcrumbList; Service; FAQPage; OfferCatalog"
"/services/data-analytics",100,"Data Analytics & BI Dashboard Development Services | Megicode",61,"pass","BreadcrumbList; Service; FAQPage; OfferCatalog"
"/services/mobile-app-development",100,"Cross Platform Mobile Application Development Company | iOS & Android | Megicode",79,"pass","BreadcrumbList; Service; FAQPage; OfferCatalog"
"/services/cloud-devops",100,"Cloud Infrastructure & DevOps | Startup-Ready Cloud Architecture | Megicode",74,"pass","BreadcrumbList; Service; FAQPage; OfferCatalog"
"/services/ui-ux-design",100,"Product Design & UX Strategy | Conversion-Focused Design for SaaS & AI | Megicode",80,"pass","BreadcrumbList; Service; FAQPage; OfferCatalog"
"/services/technical-consulting",100,"Technical Co-Founder as a Service | CTO-Level Guidance for Startups | Megicode",76,"pass","BreadcrumbList; Service; FAQPage; OfferCatalog"
"/services/growth-marketing-seo",100,"Marketing Company for Startups | Growth Marketing & SEO | Megicode",64,"pass","BreadcrumbList; Service; FAQPage; OfferCatalog"
"/projects",100,"Case Studies & Products | Megicode – Real Platforms We Built & Shipped",68,"pass","BreadcrumbList; CollectionPage"
"/insights",100,"Megicode Insights — AI Software Engineering, Automation & SaaS Growth",70,"pass","BreadcrumbList; CollectionPage"
"/about",100,"About Megicode — Fractional AI Engineering & Startup Software Team",67,"pass","Organization; BreadcrumbList; Person"
"/contact",100,"Contact Megicode — Start Your AI Software or SaaS Project",58,"pass","ContactPage; BreadcrumbList"
"/pricing",100,"Pricing | Megicode AI Automation, SaaS MVPs & Business Platforms",64,"pass","BreadcrumbList; FAQPage"
"/reviews",100,"Client Reviews & Testimonials | Megicode",42,"pass","BreadcrumbList; Organization; AggregateRating; Review"
"/privacy-policy",100,"Privacy Policy — Megicode Data Protection & Privacy Terms",57,"pass","BreadcrumbList"
"/careers",100,"Careers at Megicode — Join Our AI & Software Team",48,"pass","BreadcrumbList"